,Column1,Column2,Pearson_coefficient,Euclidean_distance,Cosine_similarity
0,红梅映雪千家瑞,赤县迎春百业新,0.9020139611243297,4.0,0.990683042543486
1,花明柳媚春光好,大江南北庆丰收,0.13130643285972254,13.341664064126334,0.7715885154726595
2,水无两点不成冰,王不出头谁是主,-0.7388394018951296,22.494443758403985,0.6116065105389055
3,庄生梦蝶知无我,晏子分桃为有他,0.49999999999999994,5.656854249492381,0.989565180987447
4,秋风送爽花正艳,雨打屋檐人未归,-0.6772854614785964,20.42057785666214,0.665038253695527
5,黄河东去流不息,庭前落叶扫无痕,-0.31867601752418984,17.916472867168917,0.7703744062924232
6,浪遏飞舟留客住,风吹垂柳赋情来,0.4330127018922193,9.797958971132712,0.937875083357791
7,黄莺日日盼新岁,绿柳枝枝辞旧年,0.8,5.656854249492381,0.9791576686656391
